{
  "project_info": {
    "project_number": "317481629088",
    "project_id": "project-c1c20",
    "storage_bucket": "project-c1c20.appspot.com"
  },
  "client": [
    {
      "client_info": {
        "mobilesdk_app_id": "1:317481629088:android:6c288f9ef6d8a1275f60c5",
        "android_client_info": {
          "package_name": "com.example.myapplication"
        }
      },
      "oauth_client": [
        {
          "client_id": "317481629088-61saigvbok1ljaojefjd9l8nksk7b8kb.apps.googleusercontent.com",
          "client_type": 1,
          "android_info": {
            "package_name": "com.example.myapplication",
            "certificate_hash": "eb4fb5bf2db9e6fb7bb5701d103dd91bc7635a84"
          }
        },
        {
          "client_id": "317481629088-ji1p0ttp48fs10h9rtssac2k48r4kcbc.apps.googleusercontent.com",
          "client_type": 3
        }
      ],
      "api_key": [
        {
          "current_key": "AIzaSyDauhrp3gUoOAnZZ45cVr-dOvbCtfMnRNs"
        }
      ],
      "services": {
        "appinvite_service": {
          "other_platform_oauth_client": [
            {
              "client_id": "317481629088-ji1p0ttp48fs10h9rtssac2k48r4kcbc.apps.googleusercontent.com",
              "client_type": 3
            }
          ]
        }
      }
    }
  ],
  "configuration_version": "1"
}